<?xml version="1.0" encoding="UTF-8" standalone="no"?><Desc>




<Row><Table>fac_details</Table><ColumnName>username</ColumnName><ColumnType>VARCHAR</ColumnType><ColumnLength>50</ColumnLength></Row><Row><Table>fac_details</Table><ColumnName>fname</ColumnName><ColumnType>VARCHAR</ColumnType><ColumnLength>150</ColumnLength></Row><Row><Table>fac_details</Table><ColumnName>subject</ColumnName><ColumnType>VARCHAR</ColumnType><ColumnLength>150</ColumnLength></Row><Row><Table>fac_details</Table><ColumnName>course</ColumnName><ColumnType>VARCHAR</ColumnType><ColumnLength>150</ColumnLength></Row><Row><Table>fac_details</Table><ColumnName>dept</ColumnName><ColumnType>VARCHAR</ColumnType><ColumnLength>150</ColumnLength></Row><Row><Table>login</Table><ColumnName>username</ColumnName><ColumnType>VARCHAR</ColumnType><ColumnLength>50</ColumnLength></Row><Row><Table>login</Table><ColumnName>password</ColumnName><ColumnType>VARCHAR</ColumnType><ColumnLength>30</ColumnLength></Row><Row><Table>stud_details</Table><ColumnName>username</ColumnName><ColumnType>VARCHAR</ColumnType><ColumnLength>50</ColumnLength></Row><Row><Table>stud_details</Table><ColumnName>sname</ColumnName><ColumnType>VARCHAR</ColumnType><ColumnLength>150</ColumnLength></Row><Row><Table>stud_details</Table><ColumnName>roll_no</ColumnName><ColumnType>VARCHAR</ColumnType><ColumnLength>150</ColumnLength></Row><Row><Table>stud_details</Table><ColumnName>contact</ColumnName><ColumnType>BIGINT</ColumnType><ColumnLength>19</ColumnLength></Row><Row><Table>stud_details</Table><ColumnName>section</ColumnName><ColumnType>VARCHAR</ColumnType><ColumnLength>50</ColumnLength></Row><Row><Table>stud_details</Table><ColumnName>dept</ColumnName><ColumnType>VARCHAR</ColumnType><ColumnLength>150</ColumnLength></Row></Desc>