<?xml version="1.0" encoding="UTF-8" standalone="no"?><Tables><table0><dbuser><Row><username>shama</username><password>asdf</password></Row></dbuser></table0><Tname>dbuser<col_name>username</col_name><DType>varchar</DType><DLength>varchar(50)</DLength><PKey>PRI</PKey><col_name>password</col_name><DType>varchar</DType><DLength>varchar(25)</DLength><PKey> </PKey></Tname><table1><moderator_detail><Row><username>kusma</username><password>shama5678</password><moderator_name>kusma thummagunta</moderator_name></Row><Row><username>shama</username><password>kusma1234</password><moderator_name>shama hina</moderator_name></Row></moderator_detail></table1><Tname>moderator_detail<col_name>username</col_name><DType>varchar</DType><DLength>varchar(50)</DLength><PKey>PRI</PKey><col_name>password</col_name><DType>varchar</DType><DLength>varchar(30)</DLength><PKey> </PKey><col_name>moderator_name</col_name><DType>varchar</DType><DLength>varchar(150)</DLength><PKey> </PKey></Tname><table2><register><Row><username>kusma</username><password>ks123456</password><name>kusma thummagunta</name><contact>6302341156</contact></Row></register></table2><Tname>register<col_name>username</col_name><DType>varchar</DType><DLength>varchar(50)</DLength><PKey>PRI</PKey><col_name>password</col_name><DType>varchar</DType><DLength>varchar(30)</DLength><PKey> </PKey><col_name>name</col_name><DType>varchar</DType><DLength>varchar(150)</DLength><PKey> </PKey><col_name>contact</col_name><DType>varchar</DType><DLength>varchar(12)</DLength><PKey> </PKey></Tname><table3><test><Row><name>arun sir</name><pass>a6789</pass></Row><Row><name>brindha mam</name><pass>b1256</pass></Row><Row><name>revathi mam</name><pass>r8976</pass></Row></test></table3><Tname>test<col_name>name</col_name><DType>varchar</DType><DLength>varchar(30)</DLength><PKey>PRI</PKey><col_name>pass</col_name><DType>varchar</DType><DLength>varchar(20)</DLength><PKey> </PKey></Tname></Tables>