<?xml version="1.0" encoding="UTF-8" standalone="no"?><Register>
<users><username>priya</username><password>priyareddy</password><firstname>priyanka</firstname><lastname>tera</lastname><mail>priyanka.tera@gmail.com</mail><telephone>9012345987</telephone></users><users><username>akhila</username><password>akhilareddy</password><firstname>akhila</firstname><lastname>vangala</lastname><mail>akhila.vangala@gmail.com</mail><telephone>9912876457</telephone></users><users><username>priya</username><password>priyareddy</password><firstname>priyanka</firstname><lastname>tera</lastname><mail>priyanka.tera@gmail.com</mail><telephone>9012345987</telephone></users></Register>