<?xml version="1.0" encoding="UTF-8" standalone="no"?><Tables><table0><register><Row><username>kusma</username><password>ks123456</password><name>kusma thummagunta</name><contact>6302341156</contact></Row></register></table0><Tname>register<col_name>username</col_name><DLength>varchar(50)</DLength><PKey>1</PKey><col_name>password</col_name><DLength>varchar(30)</DLength><PKey> </PKey><col_name>name</col_name><DLength>varchar(150)</DLength><PKey> </PKey><col_name>contact</col_name><DLength>varchar(12)</DLength><PKey> </PKey></Tname><table1><moderator_detail><Row><username>shama</username><password>kusma1234</password><moderator_name>shama hina</moderator_name></Row><Row><username>kusma</username><password>shama5678</password><moderator_name>kusma thummagunta</moderator_name></Row></moderator_detail></table1><Tname>moderator_detail<col_name>username</col_name><DLength>varchar(50)</DLength><PKey>1</PKey><col_name>password</col_name><DLength>varchar(30)</DLength><PKey> </PKey><col_name>moderator_name</col_name><DLength>varchar(150)</DLength><PKey> </PKey></Tname><table2><dbuser><Row><username>shama</username><password>asdf</password></Row></dbuser></table2><Tname>dbuser<col_name>username</col_name><DLength>varchar(50)</DLength><PKey>1</PKey><col_name>password</col_name><DLength>varchar(25)</DLength><PKey> </PKey></Tname></Tables>